INSERT INTO warehouse_type (warehouse_type_id,type)
VALUES
	(0,'None'),
	(1,'คลังพัสดุกลางบางซื่อ'),
	(2,'คลังอื่นๆ'),
	(3,'คลังของตอน'),
	(4,'คลังเชียงราก');

INSERT INTO warehouse (warehouse_id,name,location,warehouse_type_id,use_central)
VALUES
	(100,'คลังพัสดุกลางบางซื่อ',NULL,1,0),
	(101,'คลังงานระบบไฟฟ้าแสงสว่าง',NULL,2,1),
	(102,'คลังงานระบบเสาสาย',NULL,2,1),
	(103,'คลังเชียงราก',NULL,4,1),
	(200,'คลังงานระบบเครื่องมือกล',NULL,2,0),
	(201,'คลังงานระบบเครื่องปรับอากาศ',NULL,2,0),
	(202,'คลังงานระบบข่ายชุมสาย',NULL,2,0),
	(203,'คลังงานระบบส่งสัญญาณโทรคมนาคม',NULL,2,0),
	(204,'คลังงานระบบวิทยุ',NULL,2,0),
	(205,'คลังงานซ่อมบำรุงอุปกรณ์อิเล็กทรอนิกส์',NULL,2,0),
	(300,'คลังแขวงแก่งคอย ตอน 1',NULL,3,0),
	(301,'คลังแขวงแก่งคอย ตอน 2',NULL,3,0),
	(302,'คลังแขวงแก่งคอย ตอน 3',NULL,3,0),
	(303,'คลังแขวงแก่งคอย ตอน 4',NULL,3,0),
	(304,'คลังแขวงลำชี ตอน 1',NULL,3,0),
	(305,'คลังแขวงลำชี ตอน 2',NULL,3,0),
	(306,'คลังแขวงลำชี ตอน 3',NULL,3,0),
	(307,'คลังแขวงลำชี ตอน 4',NULL,3,0),
	(308,'คลังแขวงขอนแก่น ตอน 1',NULL,3,0),
	(309,'คลังแขวงขอนแก่น ตอน 2',NULL,3,0),
	(310,'คลังแขวงขอนแก่น ตอน 3',NULL,3,0),
	(311,'คลังแขวงขอนแก่น ตอน 4',NULL,3,0),
	(312,'คลังแขวงนครสวรรค์ ตอน 1',NULL,3,0),
	(313,'คลังแขวงนครสวรรค์ ตอน 2',NULL,3,0),
	(314,'คลังแขวงนครสวรรค์ ตอน 3',NULL,3,0),
	(315,'คลังแขวงนครสวรรค์ ตอน 4',NULL,3,0),
	(316,'คลังแขวงลำปาง ตอน 1',NULL,3,0),
	(317,'คลังแขวงลำปาง ตอน 2',NULL,3,0),
	(318,'คลังแขวงลำปาง ตอน 3',NULL,3,0),
	(319,'คลังแขวงลำปาง ตอน 4',NULL,3,0),
	(320,'คลังแขวงหัวหิน ตอน 1',NULL,3,0),
	(321,'คลังแขวงหัวหิน ตอน 2',NULL,3,0),
	(322,'คลังแขวงหัวหิน ตอน 3',NULL,3,0),
	(323,'คลังแขวงหัวหิน ตอน 4',NULL,3,0),
	(324,'คลังแขวงทุ่งสง ตอน 1',NULL,3,0),
	(325,'คลังแขวงทุ่งสง ตอน 2',NULL,3,0),
	(326,'คลังแขวงทุ่งสง ตอน 3',NULL,3,0),
	(327,'คลังแขวงทุ่งสง ตอน 4',NULL,3,0),
	(328,'คลังแขวงหาดใหญ่ ตอน 1',NULL,3,0),
	(329,'คลังแขวงหาดใหญ่ ตอน 2',NULL,3,0),
	(330,'คลังแขวงหาดใหญ่ ตอน 3',NULL,3,0),
	(331,'คลังแขวงหาดใหญ่ ตอน 4',NULL,3,0),
	(332,'คลังแขวงฉะเชิงเทรา ตอน 1',NULL,3,0),
	(333,'คลังแขวงฉะเชิงเทรา ตอน 2',NULL,3,0),
	(334,'คลังแขวงฉะเชิงเทรา ตอน 3',NULL,3,0),
	(335,'คลังแขวงฉะเชิงเทรา ตอน 4',NULL,3,0),
	(336,'คลังแขวงศรีราชา ตอน 1',NULL,3,0),
	(337,'คลังแขวงศรีราชา ตอน 2',NULL,3,0),
	(338,'คลังแขวงศรีราชา ตอน 3',NULL,3,0),
	(339,'คลังแขวงศรีราชา ตอน 4',NULL,3,0);

INSERT INTO division (division_id,name)
VALUES
	(1,'กองบริหารทั่วไป'),
	(2,'กองอาณัติสัญญาณ'),
	(3,'กองอาณัติสัญญาณทางไกล'),
	(4,'กองบำรักษาเขต 1'),
	(5,'กองบำรักษาเขต 2'),
	(6,'กองก่อสร้าง'),
	(7,'กองโครงการและแผนงาน'),
	(8,'กองโทรคมนาคม'),
	(9,'กองวิชาการและมาตรฐาน');

INSERT INTO district (district_id,name,division_id)
VALUES
	(1,'แขวงบำรุงรักษาอาณัติสัญญาณแขวงธนบุรี',2),
	(2,'แขวงบำรุงรักษาอาณัติสัญญาณแขวงอยุธยา',2),
	(3,'แขวงบำรุงรักษาอาณัติสัญญาณภาคกลาง',2),
	(4,'แขวงบำรุงรักษาระบบควบคุมอาณัติสัญญาณทางไกล',3),
	(5,'แขวงบำรุงรักษาตรวจสอบเครื่องกั้นทางไกล',3),
	(6,'แขวงบำรุงรักษาอาณัติสัญญาณย่านพิเศษ',3),
	(7,'แขวงบำรุงรักษาอาณัติสัญญาณแขวงแก่งคอย',4),
	(8,'แขวงบำรุงรักษาอาณัติสัญญาณแขวงลำชี',4),
	(9,'แขวงบำรุงรักษาอาณัติสัญญาณแขวงขอนแก่น',4),
	(10,'แขวงบำรุงรักษาอาณัติสัญญาณแขวงนครสวรรค์',4),
	(11,'แขวงบำรุงรักษาอาณัติสัญญาณแขวงลำปาง',4),
	(12,'แขวงบำรุงรักษาอาณัติสัญญาณแขวงหัวหิน',5),
	(13,'แขวงบำรุงรักษาอาณัติสัญญาณแขวงทุ่งสง',5),
	(14,'แขวงบำรุงรักษาอาณัติสัญญาณแขวงหาดใหญ่',5),
	(15,'แขวงบำรุงรักษาอาณัติสัญญาณแขวงฉะเชิงเทรา',5),
	(16,'แขวงบำรุงรักษาอาณัติสัญญาณแขวงศรีราชา',5),
	(17,'แขวงระบบข่ายชุมสาย',8),
	(18,'แขวงระบบไฟฟ้าแสงสว่าง',8),
	(19,'แขวงระบบส่งสัญญาณโทรคมนาคม',8),
	(20,'แขวงระบบเสาสาย',8),
	(21,'แขวงระบบวิทยุ',8),
	(22,'งานวิชาการและอบรม',9),
	(23,'งานมาตรฐานและตรวจสอบ',9),
	(24,'งานวิจัยและสถิติ',9),
	(25,'งานซ่อมบำรุงอิเล็กทรอนิกส์',9),
	(26,'แผนกสารบรรณและประวัติ',1),
	(27,'แผนกบัญชีและการเงิน',1),
	(28,'แผนกจัดซื้อจัดจ้าง',1),
	(29,'แผนกควบคุมพัสดุ',1);

INSERT INTO node (node_id,name,district_id)
VALUES
	(1,'ตอนช่องแค',10),
	(2,'ตอนนครสวรรค์',10);

INSERT INTO station (station_id,name,node_id)
VALUES
	(1,'สถานีช่องแค',1),
	(2,'สถานีนครสวรรค์',2);

INSERT INTO gender (gender_id,gender)
VALUES
	(1,'ชาย'),
	(2,'หญิง');

INSERT INTO title (title_id,prefix_en,prefix_th)
VALUES
	(1,'Mr.','นาย'),
	(2,'Ms.','นางสาว'),
	(3,'Mrs','นาง');

INSERT INTO level (level_id,level,description)
VALUES
	(1,'นักบริหาร 13','วิศวกรใหญ่'),
	(2,'นักบริหาร 12','รองวิศวกรใหญ่
'),
	(3,'พนักงานบริหารงานทั่วไป 10',NULL),
	(4,'พนักงานบริหารงานทั่วไป 8','หัวหน้าแผนก'),
	(5,'พนักงานบริหารงานทั่วไป 7',NULL),
	(6,'พนักงานบริหารงานทั่วไป 6',NULL),
	(7,'พนักงานบริหารงานทั่วไป 5',NULL),
	(8,'พนักงานบริหารงานทั่วไป 4',NULL),
	(9,'พนักงานพัสดุ 8',NULL),
	(10,'พนักงานพัสดุ 7',NULL),
	(11,'พนักงานพัสดุ 6',NULL),
	(12,'วิศวกร 11','วิศวกรอำนวยการ'),
	(13,'วิศวกร 10','วิศวกรกำกับการ'),
	(14,'วิศวกร 8','วิศวกรโท'),
	(15,'พนักงานเทคนิค 10',NULL),
	(16,'พนักงานเทคนิค 8','สารวัตร '),
	(17,'พนักงานเทคนิค 7','ผู้ช่วยสารวัตร'),
	(18,'พนักงานเทคนิค 7','นายตรวจสาย'),
	(19,'พนักงานเทคนิค 6','นายตรวจสาย'),
	(20,'พนักงานเทคนิค 5',NULL),
	(21,'พนักงานเทคนิค 4',NULL),
	(22,'ช่างฝีมือ 7','หัวหน้าช่าง'),
	(23,'ช่างฝีมือ 6','หัวหน้าช่าง'),
	(24,'ช่างฝีมือ 5',NULL),
	(25,'ช่างฝีมือ 4',NULL),
	(26,'ช่างฝีมือ 3',NULL),
	(27,'ช่างฝีมือ 2',NULL);

INSERT INTO position_group (position_group_id,name)
VALUES
	(0,'This'),
	(1,'หัวหน้าศูนย์'),
	(2,'หัวหน้ากอง'),
	(3,'หัวหน้าแขวง/คลัง'),
	(4,'เจ้าหน้าที่ระดับแขวง/คลัง'),
	(5,'หัวหน้าตอน (นสต. นายตรวจสายตอน)'),
	(6,'เจ้าหน้าที่ระดับตอน');

INSERT INTO position (position_id,name,abbreviation,position_group_id,warehouse_id)
VALUES
	(1,'วิศวกรใหญ่ฝ่ายอาณัติสัญญาณและโทรคมนาคม','วญญ.',NULL,NULL),
	(2,'รองวิศวกรใหญ่ฝ่ายอาณัติสัญญาณและโทรคมนาคมด้านบำรุงรักษา','ญญร.',NULL,NULL),
	(3,'รองวิศวกรใหญ่ฝ่ายอาณัติสัญญาณและโทรคมนาคมด้านโครงการพัฒนาระบบ','ญญพ.',NULL,NULL),
	(4,'ศูนย์บำรุงรักษาส่วนกลาง','วอญ. (ก)',1,NULL),
	(5,'ศูนย์บำรุงรักษาส่วนภูมิภาค','วอญ. (ภ)',1,NULL),
	(6,'ศูนย์โครงการและพัฒนาระบบ','วอม. (พ)',1,NULL),
	(7,'ศูนย์วิชาการและโทรคมนาคม','วอม. (ท)',1,NULL),
	(8,'กองบริหารทั่วไป','กบป.',2,NULL),
	(9,'แผนกสารบรรณและประวัติ','ผสป.',NULL,NULL),
	(10,'แผนกบัญชีและการเงิน','ผบง.',NULL,NULL),
	(11,'แผนกจัดซื้อจัดจ้าง','ผจจ.',NULL,NULL),
	(12,'แผนกควบคุมพัสดุ','ผมพ.',3,100),
	(13,'กองอาณัติสัญญาณ','วสส.',2,NULL),
	(14,'กองควบคุมอาณัติสัญญาณทางไกล','วสญ.(ก)',2,NULL),
	(15,'กองบำรักษาเขต 1','วสญ. 1',2,NULL),
	(16,'กองบำรักษาเขต 2','วสญ. 2',2,NULL),
	(17,'กองก่อสร้าง','วกส.',2,NULL),
	(18,'กองโครงการและแผนงาน','วคว.',2,NULL),
	(19,'กองโทรคมนาคม','วสท.',2,NULL),
	(20,'กองวิชาการและมาตรฐาน','วสม.',2,NULL),
	(21,'สารวัตรงานโรงงาน','สสง.',3,NULL),
	(22,'สารวัตรงานเครื่องมือกล','สสม.',3,200),
	(23,'สารวัตรงานบำรุงรักษาเครื่องปรับอากาศ','สสป.',3,201),
	(24,'สารวัตรงานบำรุงรักษาอาณัติสัญญาณแขวงธนบุรี','สสญ.ธบ.',3,NULL),
	(25,'สารวัตรงานบำรุงรักษาอาณัติสัญญาณแขวงอยุธยา','สสญ.อย.',3,NULL),
	(26,'สารวัตรงานบำรุงรักษาอาณัติสัญญาณภาคกลาง','สสญ.ก.',3,NULL),
	(27,'สารวัตรงานบำรุงรักษาระบบควบคุมอาณัติสัญญาณทางไกล','สญก.',3,NULL),
	(28,'สารวัตรงานบำรุงรักษาตรวจสอบเครื่องกั้นทางไกล','สญค.',3,NULL),
	(29,'สารวัตรงานบำรุงรักษาอาณัติสัญญาณย่านพิเศษ','สญพ.',3,NULL),
	(30,'สารวัตรงานบำรุงรักษาอาณัติสัญญาณแขวงแก่งคอย','สสญ.กค.',3,NULL),
	(31,'สารวัตรงานบำรุงรักษาอาณัติสัญญาณแขวงลำชี','สสญ.ลช.',3,NULL),
	(32,'สารวัตรงานบำรุงรักษาอาณัติสัญญาณแขวงขอนแก่น','สสญ.ขอ.',3,NULL),
	(33,'สารวัตรงานบำรุงรักษาอาณัติสัญญาณแขวงนครสวรรค์','สสญ.นว.',3,NULL),
	(34,'สารวัตรงานบำรุงรักษาอาณัติสัญญาณแขวงลำปาง','สสญ.ลป.',3,NULL),
	(35,'สารวัตรงานบำรุงรักษาอาณัติสัญญาณแขวงหัวหิน','สสญ.หห.',3,NULL),
	(36,'สารวัตรงานบำรุงรักษาอาณัติสัญญาณแขวงทุ่งสง','สสญ.ทส.',3,NULL),
	(37,'สารวัตรงานบำรุงรักษาอาณัติสัญญาณแขวงหาดใหญ่','สสญ.หใ.',3,NULL),
	(38,'สารวัตรงานบำรุงรักษาอาณัติสัญญาณแขวงฉะเชิงเทรา','สสญ.ฉท.',3,NULL),
	(39,'สารวัตรงานบำรุงรักษาอาณัติสัญญาณแขวงศรีราชา','สสญ.ศช.',3,NULL),
	(40,'สารวัตรงานระบบข่ายชุมสาย','สสร.',3,202),
	(41,'สารวัตรงานระบบไฟฟ้าแสงสว่าง','สสฟ.',3,203),
	(42,'สารวัตรงานระบบส่งสัญญาณโทรคมนาคม','สสท.',3,101),
	(43,'สารวัตรงานระบบเสาสาย','สสส.',3,102),
	(44,'สารวัตรงานระบบวิทยุ','สสว.',3,204),
	(45,'สารวัตรงานวิชาการและอบรม','วศญ. (ก)',3,NULL),
	(46,'สารวัตรงานมาตรฐานและตรวจสอบ','วศญ. (ม)',3,NULL),
	(47,'สารวัตรงานวิจัยและสถิติ','วศญ. (ว)',3,NULL),
	(48,'สารวัตรงานซ่อมบำรุงอิเล็กทรอนิกส์','สสอ.',3,205),
	(49,'นายตรวจสายตอนช่องแค','นตส.ชค.',5,NULL),
	(50,'พนักงานเทคนิค 5 ที่ชค.',NULL,6,NULL),
	(51,'ช่างฝีมือ 4 ที่ ชค.',NULL,6,NULL),
	(52,'นายตรวจสายตอนนครสวรรค์','นตส.นว.',5,NULL),
	(53,'ช่างฝีมือ 6 ที่ นว.',NULL,6,NULL),
	(54,'พนักงานเทคนิค 5 ที่ นว.',NULL,6,NULL),
	(55,'นายตรวจสายนครสวรรค์ ที่ตะพานหิน',NULL,6,NULL),
	(56,'พนักงานเทคนิค 5 นว. ที่ตห.',NULL,6,NULL),
	(57,'ช่างฝีมือ 4 นว.ที่ ตห.',NULL,6,NULL),
	(58,'คลังแขวงแก่งคอย ตอน 1',NULL,6,300),
	(59,'คลังแขวงแก่งคอย ตอน 2',NULL,6,301),
	(60,'คลังแขวงแก่งคอย ตอน 3',NULL,6,302),
	(61,'คลังแขวงแก่งคอย ตอน 4',NULL,6,303),
	(62,'คลังแขวงลำชี ตอน 1',NULL,6,304),
	(63,'คลังแขวงลำชี ตอน 2',NULL,6,305),
	(64,'คลังแขวงลำชี ตอน 3',NULL,6,306),
	(65,'คลังแขวงลำชี ตอน 4',NULL,6,307),
	(66,'คลังแขวงขอนแก่น ตอน 1',NULL,6,308),
	(67,'คลังแขวงขอนแก่น ตอน 2',NULL,6,309),
	(68,'คลังแขวงขอนแก่น ตอน 3',NULL,6,310),
	(69,'คลังแขวงขอนแก่น ตอน 4',NULL,6,311),
	(70,'คลังแขวงนครสวรรค์ ตอน 1',NULL,6,312),
	(71,'คลังแขวงนครสวรรค์ ตอน 2',NULL,6,313),
	(72,'คลังแขวงนครสวรรค์ ตอน 3',NULL,6,314),
	(73,'คลังแขวงนครสวรรค์ ตอน 4',NULL,6,315),
	(74,'คลังแขวงลำปาง ตอน 1',NULL,6,316),
	(75,'คลังแขวงลำปาง ตอน 2',NULL,6,317),
	(76,'คลังแขวงลำปาง ตอน 3',NULL,6,318),
	(77,'คลังแขวงลำปาง ตอน 4',NULL,6,319),
	(78,'คลังแขวงหัวหิน ตอน 1',NULL,6,320),
	(79,'คลังแขวงหัวหิน ตอน 2',NULL,6,321),
	(80,'คลังแขวงหัวหิน ตอน 3',NULL,6,322),
	(81,'คลังแขวงหัวหิน ตอน 4',NULL,6,323),
	(82,'คลังแขวงทุ่งสง ตอน 1',NULL,6,324),
	(83,'คลังแขวงทุ่งสง ตอน 2',NULL,6,325),
	(84,'คลังแขวงทุ่งสง ตอน 3',NULL,6,326),
	(85,'คลังแขวงทุ่งสง ตอน 4',NULL,6,327),
	(86,'คลังแขวงหาดใหญ่ ตอน 1',NULL,6,328),
	(87,'คลังแขวงหาดใหญ่ ตอน 2',NULL,6,329),
	(88,'คลังแขวงหาดใหญ่ ตอน 3',NULL,6,330),
	(89,'คลังแขวงหาดใหญ่ ตอน 4',NULL,6,331),
	(90,'คลังแขวงฉะเชิงเทรา ตอน 1',NULL,6,332),
	(91,'คลังแขวงฉะเชิงเทรา ตอน 2',NULL,6,333),
	(92,'คลังแขวงฉะเชิงเทรา ตอน 3',NULL,6,334),
	(93,'คลังแขวงฉะเชิงเทรา ตอน 4',NULL,6,335),
	(94,'คลังแขวงศรีราชา ตอน 1',NULL,6,336),
	(95,'คลังแขวงศรีราชา ตอน 2',NULL,6,337),
	(96,'คลังแขวงศรีราชา ตอน 3',NULL,6,338),
	(97,'คลังแขวงศรีราชา ตอน 4',NULL,6,339);

INSERT INTO user (user_id,employee_id,username,email,national_id,password_hash,firstname_en,lastname_en,firstname_th,lastname_th,address,birthdate,phone,created_at,updated_at,is_approved,active,gender_id,title_id,level_id)
VALUES
	(1,1203829,'thanapapas','thanapapas@hotmail.com',1101700225444,'1B20B0D8DB37BFDE4CED84AA9BB5758CFE2FE54721FED3A5F8250E585CF75C6A609B247C97BF1D9ACED97063B95841119F69C3B75074A656094F4B3D1CC0FF05','Thanapapas','Horsuwan','ธนปภัส','หอสุวรรณ์','250/107 Mooban Sammakorn Ramkhamhaeng 112 Sapansoong Bangkok 10240, Thailand',"19970403",'+66806111234',DEFAULT,DEFAULT,1,1,1,1,16),
	(2,1230981,'arthit','arhit@email.com',1101700225888,'1B20B0D8DB37BFDE4CED84AA9BB5758CFE2FE54721FED3A5F8250E585CF75C6A609B247C97BF1D9ACED97063B95841119F69C3B75074A656094F4B3D1CC0FF05','Arthit','Karnrhotfai','อาทิตย์','การรถไฟ','250/107 Mooban Sammakorn Ramkhamhaeng 112 Sapansoong Bangkok 10240, Thailand',"19970403",'+66806111234',DEFAULT,DEFAULT,1,1,1,1,18);

INSERT INTO user_has_position (user_id,position_id)
VALUES
	(1,33),
	(2,52);

INSERT INTO position_hierarchy (ancestor_id,decendant_id,path_length,is_root)
VALUES
	(1,1,0,1),
	(1,2,1,1),
	(1,3,1,1),
	(1,4,2,1),
	(1,5,2,1),
	(1,6,2,1),
	(1,7,2,1),
	(1,8,1,1),
	(1,9,2,1),
	(1,10,2,1),
	(1,11,2,1),
	(1,12,2,1),
	(1,13,3,1),
	(1,14,3,1),
	(1,15,3,1),
	(1,16,3,1),
	(1,17,3,1),
	(1,18,3,1),
	(1,19,3,1),
	(1,20,3,1),
	(1,21,4,1),
	(1,22,4,1),
	(1,23,4,1),
	(1,24,4,1),
	(1,25,4,1),
	(1,26,4,1),
	(1,27,4,1),
	(1,28,4,1),
	(1,29,4,1),
	(1,30,4,1),
	(1,31,4,1),
	(1,32,4,1),
	(1,33,4,1),
	(1,34,4,1),
	(1,35,4,1),
	(1,36,4,1),
	(1,37,4,1),
	(1,38,4,1),
	(1,39,4,1),
	(1,40,4,1),
	(1,41,4,1),
	(1,42,4,1),
	(1,43,4,1),
	(1,44,4,1),
	(1,45,4,1),
	(1,46,4,1),
	(1,47,4,1),
	(1,48,4,1),
	(1,58,5,1),
	(1,59,5,1),
	(1,60,5,1),
	(1,61,5,1),
	(1,62,5,1),
	(1,63,5,1),
	(1,64,5,1),
	(1,65,5,1),
	(1,66,5,1),
	(1,67,5,1),
	(1,68,5,1),
	(1,69,5,1),
	(1,70,5,1),
	(1,71,5,1),
	(1,72,5,1),
	(1,73,5,1),
	(1,49,5,1),
	(1,50,6,1),
	(1,51,7,1),
	(1,55,5,1),
	(1,56,6,1),
	(1,57,7,1),
	(1,74,5,1),
	(1,75,5,1),
	(1,76,5,1),
	(1,77,5,1),
	(1,78,5,1),
	(1,79,5,1),
	(1,80,5,1),
	(1,81,5,1),
	(1,82,5,1),
	(1,83,5,1),
	(1,84,5,1),
	(1,85,5,1),
	(1,86,5,1),
	(1,87,5,1),
	(1,88,5,1),
	(1,89,5,1),
	(1,90,5,1),
	(1,91,5,1),
	(1,92,5,1),
	(1,93,5,1),
	(1,94,5,1),
	(1,95,5,1),
	(1,96,5,1),
	(1,97,5,1),
	(2,2,0,0),
	(2,4,1,0),
	(2,5,1,0),
	(2,13,2,0),
	(2,14,2,0),
	(2,15,2,0),
	(2,16,2,0),
	(2,21,3,0),
	(2,22,3,0),
	(2,23,3,0),
	(2,24,3,0),
	(2,25,3,0),
	(2,26,3,0),
	(2,27,3,0),
	(2,28,3,0),
	(2,29,3,0),
	(2,30,3,0),
	(2,31,3,0),
	(2,32,3,0),
	(2,33,3,0),
	(2,34,3,0),
	(2,35,3,0),
	(2,36,3,0),
	(2,37,3,0),
	(2,38,3,0),
	(2,39,3,0),
	(2,58,4,0),
	(2,59,4,0),
	(2,60,4,0),
	(2,61,4,0),
	(2,62,4,0),
	(2,63,4,0),
	(2,64,4,0),
	(2,65,4,0),
	(2,66,4,0),
	(2,67,4,0),
	(2,68,4,0),
	(2,69,4,0),
	(2,70,4,0),
	(2,71,4,0),
	(2,72,4,0),
	(2,73,4,0),
	(2,49,4,0),
	(2,50,5,0),
	(2,51,6,0),
	(2,55,4,0),
	(2,56,5,0),
	(2,57,6,0),
	(2,74,4,0),
	(2,75,4,0),
	(2,76,4,0),
	(2,77,4,0),
	(2,78,4,0),
	(2,79,4,0),
	(2,80,4,0),
	(2,81,4,0),
	(2,82,4,0),
	(2,83,4,0),
	(2,84,4,0),
	(2,85,4,0),
	(2,86,4,0),
	(2,87,4,0),
	(2,88,4,0),
	(2,89,4,0),
	(2,90,4,0),
	(2,91,4,0),
	(2,92,4,0),
	(2,93,4,0),
	(3,3,0,0),
	(3,6,1,0),
	(3,7,1,0),
	(3,17,2,0),
	(3,18,2,0),
	(3,19,2,0),
	(3,20,2,0),
	(3,40,3,0),
	(3,41,3,0),
	(3,42,3,0),
	(3,43,3,0),
	(3,44,3,0),
	(3,45,3,0),
	(3,46,3,0),
	(3,47,3,0),
	(3,48,3,0),
	(3,94,4,0),
	(3,95,4,0),
	(3,96,4,0),
	(3,97,4,0),
	(4,4,0,0),
	(4,13,1,0),
	(4,14,1,0),
	(4,21,2,0),
	(4,22,2,0),
	(4,23,2,0),
	(4,24,2,0),
	(4,25,2,0),
	(4,26,2,0),
	(4,27,2,0),
	(4,28,2,0),
	(4,29,2,0),
	(5,5,0,0),
	(5,15,1,0),
	(5,16,1,0),
	(5,30,2,0),
	(5,31,2,0),
	(5,32,2,0),
	(5,33,2,0),
	(5,34,2,0),
	(5,35,2,0),
	(5,36,2,0),
	(5,37,2,0),
	(5,38,2,0),
	(5,39,2,0),
	(5,58,3,0),
	(5,59,3,0),
	(5,60,3,0),
	(5,61,3,0),
	(5,62,3,0),
	(5,63,3,0),
	(5,64,3,0),
	(5,65,3,0),
	(5,66,3,0),
	(5,67,3,0),
	(5,68,3,0),
	(5,69,3,0),
	(5,70,3,0),
	(5,71,3,0),
	(5,72,3,0),
	(5,73,3,0),
	(5,49,3,0),
	(5,50,4,0),
	(5,51,5,0),
	(5,55,3,0),
	(5,56,4,0),
	(5,57,5,0),
	(5,74,3,0),
	(5,75,3,0),
	(5,76,3,0),
	(5,77,3,0),
	(5,78,3,0),
	(5,79,3,0),
	(5,80,3,0),
	(5,81,3,0),
	(5,82,3,0),
	(5,83,3,0),
	(5,84,3,0),
	(5,85,3,0),
	(5,86,3,0),
	(5,87,3,0),
	(5,88,3,0),
	(5,89,3,0),
	(5,90,3,0),
	(5,91,3,0),
	(5,92,3,0),
	(5,93,3,0),
	(6,6,0,0),
	(6,17,1,0),
	(6,18,1,0),
	(7,7,0,0),
	(7,19,1,0),
	(7,20,1,0),
	(7,40,2,0),
	(7,41,2,0),
	(7,42,2,0),
	(7,43,2,0),
	(7,44,2,0),
	(7,45,2,0),
	(7,46,2,0),
	(7,47,2,0),
	(7,48,2,0),
	(7,94,3,0),
	(7,95,3,0),
	(7,96,3,0),
	(7,97,3,0),
	(8,8,0,0),
	(8,9,1,0),
	(8,10,1,0),
	(8,11,1,0),
	(8,12,1,0),
	(9,9,0,0),
	(10,10,0,0),
	(11,11,0,0),
	(12,12,0,0),
	(13,13,0,0),
	(13,21,1,0),
	(13,22,1,0),
	(13,23,1,0),
	(13,24,1,0),
	(13,25,1,0),
	(13,26,1,0),
	(14,14,0,0),
	(14,27,1,0),
	(14,28,1,0),
	(14,29,1,0),
	(15,15,0,0),
	(15,30,1,0),
	(15,31,1,0),
	(15,32,1,0),
	(15,33,1,0),
	(15,34,1,0),
	(15,58,2,0),
	(15,59,2,0),
	(15,60,2,0),
	(15,61,2,0),
	(15,62,2,0),
	(15,63,2,0),
	(15,64,2,0),
	(15,65,2,0),
	(15,66,2,0),
	(15,67,2,0),
	(15,68,2,0),
	(15,69,2,0),
	(15,70,2,0),
	(15,71,2,0),
	(15,72,2,0),
	(15,73,2,0),
	(15,49,2,0),
	(15,50,3,0),
	(15,51,4,0),
	(15,55,2,0),
	(15,56,3,0),
	(15,57,4,0),
	(15,74,2,0),
	(15,75,2,0),
	(15,76,2,0),
	(15,77,2,0),
	(16,16,0,0),
	(16,35,1,0),
	(16,36,1,0),
	(16,37,1,0),
	(16,38,1,0),
	(16,39,1,0),
	(16,78,2,0),
	(16,79,2,0),
	(16,80,2,0),
	(16,81,2,0),
	(16,82,2,0),
	(16,83,2,0),
	(16,84,2,0),
	(16,85,2,0),
	(16,86,2,0),
	(16,87,2,0),
	(16,88,2,0),
	(16,89,2,0),
	(16,90,2,0),
	(16,91,2,0),
	(16,92,2,0),
	(16,93,2,0),
	(17,17,0,0),
	(18,18,0,0),
	(19,19,0,0),
	(19,40,1,0),
	(19,41,1,0),
	(19,42,1,0),
	(19,43,1,0),
	(19,44,1,0),
	(19,94,2,0),
	(19,95,2,0),
	(19,96,2,0),
	(19,97,2,0),
	(20,20,0,0),
	(20,45,1,0),
	(20,46,1,0),
	(20,47,1,0),
	(20,48,1,0),
	(21,21,0,0),
	(22,22,0,0),
	(23,23,0,0),
	(24,24,0,0),
	(25,25,0,0),
	(26,26,0,0),
	(27,27,0,0),
	(28,28,0,0),
	(29,29,0,0),
	(30,30,0,0),
	(30,58,1,0),
	(30,59,1,0),
	(30,60,1,0),
	(30,61,1,0),
	(31,31,0,0),
	(31,62,1,0),
	(31,63,1,0),
	(31,64,1,0),
	(31,65,1,0),
	(32,32,0,0),
	(32,66,1,0),
	(32,67,1,0),
	(32,68,1,0),
	(32,69,1,0),
	(33,33,0,0),
	(33,70,1,0),
	(33,71,1,0),
	(33,72,1,0),
	(33,73,1,0),
	(33,49,1,0),
	(33,50,2,0),
	(33,51,3,0),
	(33,55,1,0),
	(33,56,2,0),
	(33,57,3,0),
	(34,34,0,0),
	(34,74,1,0),
	(34,75,1,0),
	(34,76,1,0),
	(34,77,1,0),
	(35,35,0,0),
	(35,78,1,0),
	(35,79,1,0),
	(35,80,1,0),
	(35,81,1,0),
	(36,36,0,0),
	(36,82,1,0),
	(36,83,1,0),
	(36,84,1,0),
	(36,85,1,0),
	(37,37,0,0),
	(37,86,1,0),
	(37,87,1,0),
	(37,88,1,0),
	(37,89,1,0),
	(38,38,0,0),
	(38,90,1,0),
	(38,91,1,0),
	(38,92,1,0),
	(38,93,1,0),
	(39,39,0,0),
	(40,40,0,0),
	(40,94,1,0),
	(40,95,1,0),
	(40,96,1,0),
	(40,97,1,0),
	(41,41,0,0),
	(42,42,0,0),
	(43,43,0,0),
	(44,44,0,0),
	(45,45,0,0),
	(46,46,0,0),
	(47,47,0,0),
	(48,48,0,0),
	(49,49,0,0),
	(49,50,1,0),
	(49,51,2,0),
	(50,50,0,0),
	(50,51,1,0),
	(51,51,0,0),
	(55,55,0,0),
	(55,56,1,0),
	(55,57,2,0),
	(56,56,0,0),
	(56,57,1,0),
	(57,57,0,0),
	(58,58,0,0),
	(59,59,0,0),
	(60,60,0,0),
	(61,61,0,0),
	(62,62,0,0),
	(63,63,0,0),
	(64,64,0,0),
	(65,65,0,0),
	(66,66,0,0),
	(67,67,0,0),
	(68,68,0,0),
	(69,69,0,0),
	(70,70,0,0),
	(71,71,0,0),
	(72,72,0,0),
	(73,73,0,0),
	(74,74,0,0),
	(75,75,0,0),
	(76,76,0,0),
	(77,77,0,0),
	(78,78,0,0),
	(79,79,0,0),
	(80,80,0,0),
	(81,81,0,0),
	(82,82,0,0),
	(83,83,0,0),
	(84,84,0,0),
	(85,85,0,0),
	(86,86,0,0),
	(87,87,0,0),
	(88,88,0,0),
	(89,89,0,0),
	(90,90,0,0),
	(91,91,0,0),
	(92,92,0,0),
	(93,93,0,0),
	(94,94,0,0),
	(95,95,0,0),
	(96,96,0,0),
	(97,97,0,0);

INSERT INTO document_type_group (document_type_group_id,name,description)
VALUES
	(101,'นำอะไหล่เข้าโดยมีใบสั่งซื้อ',NULL),
	(102,'คืนอะไหล่',NULL),
	(103,'นำอะไหล่เข้า',NULL),
	(111,'เบิกอะไหล่ไปใช้งาน',NULL),
	(112,'นำอะไหล่ออก',NULL),
	(121,'เบิก/โอนย้ายอะไหล่','ส. 16/46'),
	(131,'คืนอะไหล่ส่งซ่อม',NULL),
	(132,'ส่งซ่อมอะไหล่',NULL),
	(141,'ตรวจนับสินค้า',NULL),
	(142,'ปรับปรุงจำนวนอะไหล่',NULL),
	(151,'คืนซากอะไหล่',NULL),
	(152,'จำหน่ายซากอะไหล่',NULL),
	(201,'แจ้งการเกิดอุบัติเหตุ/เสียหาย',NULL),
	(202,'สั่งซ่อม',NULL),
	(203,'สั่งซ่อม ตามวาระ',NULL),
	(204,'สรุปการซ่อมบำรุง','สส. 101'),
	(205,'สรุปการทำวาระ',NULL),
	(206,'ติดตั้ง',NULL),
	(207,'รับอะไหล่ซ่อม',NULL);

INSERT INTO document_type (document_type_id,name,description,document_type_group_id,from_warehouse_type_id,to_warehouse_type_id)
VALUES
	(1011,'นำอะไหล่เข้าโดยมีใบสั่งซื้อ คลังพัสดุกลางบางซื่อ',NULL,101,1,0),
	(1012,'นำอะไหล่เข้าโดยมีใบสั่งซื้อ คลังอื่นๆ',NULL,101,2,0),
	(1013,'นำอะไหล่เข้าโดยมีใบสั่งซื้อ คลังของตอน',NULL,101,3,0),
	(1021,'คืนอะไหล่ คลังพัสดุกลางบางซื่อ',NULL,102,1,0),
	(1022,'คืนอะไหล่ คลังอื่นๆ',NULL,102,2,0),
	(1023,'คืนอะไหล่ คลังของตอน',NULL,102,3,0),
	(1031,'นำอะไหล่เข้า คลังพัสดุกลางบางซื่อ',NULL,103,1,0),
	(1032,'นำอะไหล่เข้า คลังอื่นๆ',NULL,103,2,0),
	(1033,'นำอะไหล่เข้า คลังของตอน',NULL,103,3,0),
	(1111,'เบิกอะไหล่ไปใช้งาน คลังพัสดุกลางบางซื่อ',NULL,111,1,0),
	(1112,'เบิกอะไหล่ไปใช้งาน คลังอื่นๆ',NULL,111,2,0),
	(1113,'เบิกอะไหล่ไปใช้งาน คลังของตอน',NULL,111,3,0),
	(1121,'นำอะไหล่ออก คลังพัสดุกลางบางซื่อ',NULL,112,1,0),
	(1122,'นำอะไหล่ออก คลังอื่นๆ',NULL,112,2,0),
	(1123,'นำอะไหล่ออก คลังของตอน',NULL,112,3,0),
	(1211,'เบิก/โอนย้ายอะไหล่ คลังพัสดุกลางบางซื่อ->คลังอื่นๆ',NULL,121,1,2),
	(1212,'เบิก/โอนย้ายอะไหล่ คลังพัสดุกลางบางซื่อ->คลังของตอน',NULL,121,1,3),
	(1213,'เบิก/โอนย้ายอะไหล่ คลังอื่นๆ->คลังพัสดุกลางบางซื่อ',NULL,121,2,1),
	(1214,'เบิก/โอนย้ายอะไหล่ คลังอื่นๆ->คลังอื่นๆ',NULL,121,2,2),
	(1215,'เบิก/โอนย้ายอะไหล่ คลังอื่นๆ->คลังของตอน',NULL,121,2,3),
	(1216,'เบิก/โอนย้ายอะไหล่ คลังของตอน->คลังพัสดุกลางบางซื่อ',NULL,121,3,1),
	(1217,'เบิก/โอนย้ายอะไหล่ คลังของตอน->คลังอื่นๆ',NULL,121,3,2),
	(1218,'เบิก/โอนย้ายอะไหล่ คลังของตอน->คลังของตอน',NULL,121,3,3),
	(1311,'คืนอะไหล่ส่งซ่อม คลังกลางบางซื่อ',NULL,131,1,0),
	(1312,'คืนอะไหล่ส่งซ่อม คลังอื่นๆ',NULL,131,2,0),
	(1313,'คืนอะไหล่ส่งซ่อม คลังของตอน',NULL,131,3,0),
	(1321,'ส่งซ่อมอะไหล่ คลังกลางบางซื่อ',NULL,132,1,0),
	(1322,'ส่งซ่อมอะไหล่ คลังอื่นๆ',NULL,132,2,0),
	(1323,'ส่งซ่อมอะไหล่ คลังของตอน',NULL,132,3,0),
	(1411,'ตรวจนับสินค้า คลังกลางบางซื่อ',NULL,141,1,0),
	(1412,'ตรวจนับสินค้า คลังอื่นๆ',NULL,141,2,0),
	(1413,'ตรวจนับสินค้า คลังของตอน',NULL,141,3,0),
	(1421,'ปรับปรุงจำนวนอะไหล่ คลังกลางบางซื่อ',NULL,142,1,0),
	(1422,'ปรับปรุงจำนวนอะไหล่ คลังอื่นๆ',NULL,142,2,0),
	(1423,'ปรับปรุงจำนวนอะไหล่ คลังของตอน',NULL,142,3,0),
	(1511,'คืนซากอะไหล่ คลังอื่นๆ->คลังพัสดุกลางบางซื่อ',NULL,151,1,0),
	(1512,'คืนซากอะไหล่ คลังของตอน->คลังพัสดุกลางบางซื่อ',NULL,151,2,0),
	(1521,'จำหน่ายซากอะไหล่ คลังพัสดุกลางบางซื่อ',NULL,152,3,0),
	(2011,'แจ้งการเกิดอุบัติเหตุ/เสียหาย',NULL,201,0,0),
	(2021,'สั่งซ่อม โดยมีใบแจ้งซ่อม',NULL,202,0,0),
	(2022,'สั่งซ่อม โดยไม่มีใบแจ้งซ่อม',NULL,202,0,0),
	(2031,'สั่งซ่อม ตามวาระ',NULL,203,0,0),
	(2041,'สรุปการซ่อมบำรุง',NULL,204,0,0),
	(2051,'สรุปการทำวาระ',NULL,205,0,0),
	(2061,'ติดตั้ง',NULL,206,0,0),
	(2071,'รับอะไหล่ซ่อม',NULL,207,0,0);

INSERT INTO document_action_type (document_action_type_id,action)
VALUES
	(1,'Create/New'),
	(2,'FastTrack/Edit'),
	(3,'Cancellation');

INSERT INTO approval_step_action (approval_step_action_id,action)
VALUES
	(0,'Execute Transaction'),
	(1,'ตรวจสอบและรับทราบลงนาม'),
	(2,'รับทราบลงนาม'),
	(3,'รับทราบ'),
	(4,'ตรวจสอบและสั่งจ่าย'),
	(5,'ตรวจสอบ รับทราบลงนาม และเลือกวิธีจัดซ่อม'),
	(6,'รับรองผลดำเนินการซ่อมเสร็จแล้ว');

INSERT INTO approval_process_lookup (approval_process_lookup_id,created_on,description)
VALUES
	(0,DEFAULT,'None'),
	(1011,DEFAULT,'การอนุมัติภายในคลังพัสดุกลางบางซื่อ Execute First'),
	(1021,DEFAULT,'การอนุมัติภายในคลังอื่นๆ Execute First'),
	(1031,DEFAULT,'การอนุมัติภายในคลังของตอน Execute First'),
	(1012,DEFAULT,'การอนุมัติภายในคลังพัสดุกลางบางซื่อ Execute Last'),
	(1022,DEFAULT,'การอนุมัติภายในคลังอื่นๆ Execute Last'),
	(1032,DEFAULT,'การอนุมัติภายในคลังของตอน Execute Last'),
	(2121,DEFAULT,'การอนุมัติระหว่างคลังพัสดุกลางบางซื่อ->คลังอื่นๆ'),
	(2131,DEFAULT,'การอนุมัติระหว่างคลังพัสดุกลางบางซื่อ->ตอน'),
	(2211,DEFAULT,'การอนุมัติระหว่างคลังอื่นๆ->คลังพัสดุกลางบางซื่อ'),
	(2221,DEFAULT,'การอนุมัติระหว่างคลังอื่นๆ->คลังอื่นๆ'),
	(2231,DEFAULT,'การอนุมัติระหว่างคลังอื่นๆ->คลังของตอน'),
	(2311,DEFAULT,'การอนุมัติระหว่างคลังของตอน->คลังพัสดุกลางบางซื่อ'),
	(2321,DEFAULT,'การอนุมัติระหว่างคลังของตอน->คลังอื่นๆ'),
	(2331,DEFAULT,'การอนุมัติระหว่างคลังของตอน->คลังของตอน แขวงเดียวกัน'),
	(3011,DEFAULT,'การอนุมัติตอนส่งซ่อมอะไหล่ ตอนดำเนินการซ่อม'),
	(3012,DEFAULT,'การอนุมัติตอนส่งซ่อมอะไหล่ ส่งเรื่องถึงแขวง'),
	(3013,DEFAULT,'การอนุมัติตอนส่งซ่อมอะไหล่ ส่งเรื่องถึงกอง'),
	(3014,DEFAULT,'การอนุมัติตอนส่งซ่อมอะไหล่ ส่งเรื่องถึงกอง(ซ่อม)'),
	(4001,DEFAULT,'การอนุมัติเหตุขัดข้อง Work Request'),
	(5001,DEFAULT,'การอนุมัติใบสั่งซ่อม Work Order'),
	(5101,DEFAULT,'การอนุมัติผลการซ่อมบำรุง สส.101'),
	(5102,DEFAULT,'การอนุมัติผลการซ่อมบำรุง สส.101 ซ่อมอุปกรณ์ด้านโทรคมนาคม'),
	(6001,DEFAULT,'การอนุมัติใบสั่งซ่อม Work Order - ทำวาระ'),
	(6101,DEFAULT,'การอนุมัติผลการทำวาระ'),
	(6102,DEFAULT,'การอนุมัติผลการทำวาระ - Fixed Asset'),
	(7001,DEFAULT,'การอนุมัติผลการติดตั้ง');

INSERT INTO document_type_approval_process_lookup (document_type_id,document_action_type_id,version_number,approval_process_lookup_id,start_on,end_on,active,remark)
VALUES
	(1011,1,1,1011,DEFAULT,NULL,1,'นำอะไหล่เข้าโดยมีใบสั่งซื้อ คลังพัสดุกลางบางซื่อ DEFAULT'),
	(1012,1,1,1021,DEFAULT,NULL,1,'นำอะไหล่เข้าโดยมีใบสั่งซื้อ คลังอื่นๆ DEFAULT'),
	(1013,1,1,1031,DEFAULT,NULL,1,'นำอะไหล่เข้าโดยมีใบสั่งซื้อ คลังของตอน DEFAULT'),
	(1021,1,1,1011,DEFAULT,NULL,1,'คืนอะไหล่ คลังพัสดุกลางบางซื่อ DEFAULT'),
	(1022,1,1,1021,DEFAULT,NULL,1,'คืนอะไหล่ คลังอื่นๆ DEFAULT'),
	(1023,1,1,1031,DEFAULT,NULL,1,'คืนอะไหล่ คลังของตอน DEFAULT'),
	(1031,1,1,1011,DEFAULT,NULL,1,'นำอะไหล่เข้า คลังพัสดุกลางบางซื่อ DEFAULT'),
	(1032,1,1,1021,DEFAULT,NULL,1,'นำอะไหล่เข้า คลังอื่นๆ DEFAULT'),
	(1033,1,1,1031,DEFAULT,NULL,1,'นำอะไหล่เข้า คลังของตอน DEFAULT'),
	(1111,1,1,1012,DEFAULT,NULL,1,'เบิกอะไหล่ไปใช้งาน คลังพัสดุกลางบางซื่อ DEFAULT'),
	(1112,1,1,1022,DEFAULT,NULL,1,'เบิกอะไหล่ไปใช้งาน คลังอื่นๆ DEFAULT'),
	(1113,1,1,1032,DEFAULT,NULL,1,'เบิกอะไหล่ไปใช้งาน คลังของตอน DEFAULT'),
	(1121,1,1,1012,DEFAULT,NULL,1,'นำอะไหล่ออก คลังพัสดุกลางบางซื่อ DEFAULT'),
	(1122,1,1,1022,DEFAULT,NULL,1,'นำอะไหล่ออก คลังอื่นๆ DEFAULT'),
	(1123,1,1,1032,DEFAULT,NULL,1,'นำอะไหล่ออก คลังของตอน DEFAULT'),
	(1211,1,1,2121,DEFAULT,NULL,1,'เบิก/โอนย้ายอะไหล่ คลังพัสดุกลางบางซื่อ->คลังอื่นๆ DEFAULT'),
	(1212,1,1,2131,DEFAULT,NULL,1,'เบิก/โอนย้ายอะไหล่ คลังพัสดุกลางบางซื่อ->คลังของตอน DEFAULT'),
	(1213,1,1,2211,DEFAULT,NULL,1,'เบิก/โอนย้ายอะไหล่ คลังอื่นๆ->คลังพัสดุกลางบางซื่อ DEFAULT'),
	(1214,1,1,2221,DEFAULT,NULL,1,'เบิก/โอนย้ายอะไหล่ คลังอื่นๆ->คลังอื่นๆ DEFAULT'),
	(1215,1,1,2231,DEFAULT,NULL,1,'เบิก/โอนย้ายอะไหล่ คลังอื่นๆ->คลังของตอน DEFAULT'),
	(1216,1,1,2311,DEFAULT,NULL,1,'เบิก/โอนย้ายอะไหล่ คลังของตอน->คลังพัสดุกลางบางซื่อ DEFAULT'),
	(1217,1,1,2321,DEFAULT,NULL,1,'เบิก/โอนย้ายอะไหล่ คลังของตอน->คลังอื่นๆ DEFAULT'),
	(1218,1,1,2331,DEFAULT,NULL,1,'เบิก/โอนย้ายอะไหล่ คลังของตอน->คลังของตอน DEFAULT'),
	(1311,1,1,1011,DEFAULT,NULL,1,'คืนอะไหล่ส่งซ่อม คลังพัสดุกลางบางซื่อ DEFAULT'),
	(1312,1,1,1021,DEFAULT,NULL,1,'คืนอะไหล่ส่งซ่อม คลังอื่นๆ DEFAULT'),
	(1313,1,1,1031,DEFAULT,NULL,1,'คืนอะไหล่ส่งซ่อม คลังของตอน DEFAULT'),
	(1321,1,1,1011,DEFAULT,NULL,1,'ส่งซ่อมอะไหล่ คลังพัสดุกลางบางซื่อ DEFAULT'),
	(1322,1,1,1021,DEFAULT,NULL,1,'ส่งซ่อมอะไหล่ คลังอื่นๆ DEFAULT'),
	(1323,1,1,1031,DEFAULT,NULL,1,'ส่งซ่อมอะไหล่ คลังของตอน DEFAULT'),
	(1411,1,1,1011,DEFAULT,NULL,1,'ตรวจนับสินค้า คลังพัสดุกลางบางซื่อ DEFAULT'),
	(1412,1,1,1021,DEFAULT,NULL,1,'ตรวจนับสินค้า คลังอื่นๆ DEFAULT'),
	(1413,1,1,1031,DEFAULT,NULL,1,'ตรวจนับสินค้า คลังของตอน DEFAULT'),
	(1421,1,1,1011,DEFAULT,NULL,1,'ปรับปรุงจำนวนอะไหล่ คลังพัสดุกลางบางซื่อ DEFAULT'),
	(1422,1,1,1021,DEFAULT,NULL,1,'ปรับปรุงจำนวนอะไหล่ คลังอื่นๆ DEFAULT'),
	(1423,1,1,1031,DEFAULT,NULL,1,'ปรับปรุงจำนวนอะไหล่ คลังของตอน DEFAULT'),
	(1511,1,1,2121,DEFAULT,NULL,1,'คืนซากอะไหล่ คลังอื่นๆ->คลังพัสดุกลางบางซื่อ DEFAULT'),
	(1512,1,1,2131,DEFAULT,NULL,1,'คืนซากอะไหล่ คลังของตอน->คลังพัสดุกลางบางซื่อ DEFAULT'),
	(1521,1,1,1012,DEFAULT,NULL,1,'จำหน่ายซากอะไหล่ คลังพัสดุกลางบางซื่อ DEFAULT'),
	(2011,1,1,4001,DEFAULT,NULL,1,'แจ้งการเกิดอุบัติเหตุ/เสียหาย DEFAULT'),
	(2021,1,1,5001,DEFAULT,NULL,1,'สั่งซ่อม โดยมีใบแจ้งซ่อม DEFAULT'),
	(2022,1,1,5001,DEFAULT,NULL,1,'สั่งซ่อม โดยไม่มีใบแจ้งซ่อม DEFAULT'),
	(2031,1,1,5101,DEFAULT,NULL,1,'สรุปการซ่อมบำรุง DEFAULT'),
	(2041,1,1,6001,DEFAULT,NULL,1,'สั่งซ่อม ตามวาระ DEFAULT'),
	(2051,1,1,6101,DEFAULT,NULL,1,'สรุปการทำวาระ DEFAULT'),
	(2061,1,1,7001,DEFAULT,NULL,1,'ติดตั้ง DEFAULT'),
	(2071,1,1,3011,DEFAULT,NULL,1,'ดำเนินการซ่อมอะไหล่ DEFAULT');

INSERT INTO approval_step_lookup (approval_process_lookup_id,step_number,step_last_number,position_group_id,approval_step_action_id,is_destination,escalated_approval_process_lookup_id,skippable_same_previous_position_group,skippable_same_between_position_group,description)
VALUES
	(1011,1,2,0,0,0,0,0,0,'Server Execute Transaction'),
	(1011,2,2,3,1,0,0,1,0,'หัวหน้างานคลังพัสดุกลางบางซื่อตรวจสอบและรับทราบลงนาม'),
	(1021,1,3,0,0,0,0,0,0,'Server Execute Transaction'),
	(1021,2,3,3,1,0,0,1,0,'หัวหน้างานระบบตรวจสอบและรับทราบลงนาม'),
	(1021,3,3,2,2,0,0,0,0,'วิศวกรกำกับการกอง'),
	(1031,1,2,0,0,0,0,0,0,'Server Execute Transaction'),
	(1031,2,2,5,1,0,0,1,0,'หัวหน้าตอนตรวจสอบและรับทราบลงนาม'),
	(1012,1,2,3,1,0,0,1,0,'หัวหน้างานคลังพัสดุกลางบางซื่อตรวจสอบและรับทราบลงนาม'),
	(1012,2,2,0,0,0,0,0,0,'Server Execute Transaction'),
	(1022,1,3,3,1,0,0,1,0,'หัวหน้างานระบบตรวจสอบและรับทราบลงนาม'),
	(1022,2,3,2,2,0,0,0,0,'วิศวกรกำกับการกองรับทราบลงนาม'),
	(1022,3,3,0,0,0,0,0,0,'Server Execute Transaction'),
	(1032,1,2,5,1,0,0,1,0,'หัวหน้าตอนตรวจสอบและรับทราบลงนาม'),
	(1032,2,2,0,0,0,0,0,0,'Server Execute Transaction'),
	(2121,1,6,3,1,0,0,1,0,'หัวหน้างานระบบตรวจสอบและรับทราบลงนาม'),
	(2121,2,6,2,2,0,0,0,0,'วิศวกรกำกับการกองรับทราบลงนาม [From]'),
	(2121,3,6,2,2,1,0,0,0,'วิศวกรกำกับการกองรับทราบลงนาม [to]'),
	(2121,4,6,4,4,1,0,0,0,'เจ้าหน้าที่คลังพัสดุกลางบางซื่อตรวจสอบและสั่งจ่าย'),
	(2121,5,6,3,1,1,0,1,0,'หัวหน้างานคลังพัสดุกลางบางซื่อตรวจสอบและรับทราบลงนาม'),
	(2121,6,6,0,0,1,0,0,0,'Server Execute Transaction'),
	(2131,1,6,5,2,0,0,1,0,'หัวหน้าตอนรับทราบลงนาม'),
	(2131,2,6,3,2,0,0,0,0,'สารวัตรหัวหน้าแขวงรับทราบลงนาม'),
	(2131,3,6,2,2,0,0,0,0,'วิศวกรกำกับการกองรับทราบลงนาม [From]'),
	(2131,4,6,4,4,1,0,0,0,'เจ้าหน้าที่คลังพัสดุกลางบางซื่อตรวจสอบและสั่งจ่าย [to]'),
	(2131,5,6,3,1,1,0,1,0,'หัวหน้างานคลังพัสดุกลางบางซื่อตรวจสอบและรับทราบลงนาม'),
	(2131,6,6,0,0,1,0,0,0,'Server Execute Transaction'),
	(2211,1,5,3,1,0,0,1,0,'หัวหน้างานคลังพัสดุกลางบางซื่อตรวจสอบและรับทราบลงนาม'),
	(2211,2,5,2,2,0,0,0,0,'วิศวกรกำกับการกองรับทราบลงนาม [From]'),
	(2211,3,5,2,2,1,0,0,0,'วิศวกรกำกับการกองรับทราบลงนาม [to]'),
	(2211,4,5,3,4,1,0,0,0,'หัวหน้างานระบบตรวจสอบและสั่งจ่าย'),
	(2211,5,5,0,0,1,0,0,0,'Server Execute Transaction'),
	(2221,1,5,3,1,0,0,1,0,'หัวหน้างานระบบตรวจสอบและรับทราบลงนาม [From]'),
	(2221,2,5,2,2,0,0,0,0,'วิศวกรกำกับการกองรับทราบลงนาม [From]'),
	(2221,3,5,2,2,1,0,0,1,'วิศวกรกำกับการกองรับทราบลงนาม [to]'),
	(2221,4,5,3,4,1,0,0,0,'หัวหน้างานระบบตรวจสอบและสั่งจ่าย'),
	(2221,5,5,0,0,1,0,0,0,'Server Execute Transaction'),
	(2231,1,6,5,2,0,0,1,0,'หัวหน้าตอนรับทราบลงนาม'),
	(2231,2,6,3,2,0,0,0,0,'สารวัตรหัวหน้าแขวงรับทราบลงนาม'),
	(2231,3,6,2,2,0,0,0,0,'วิศวกรกำกับการกองรับทราบลงนาม [From]'),
	(2231,4,6,2,1,1,0,0,1,'วิศวกรกำกับการกองตรวจสอบและรับทราบลงนาม [to]'),
	(2231,5,6,3,4,1,0,0,0,'หัวหน้างานระบบตรวจสอบและสั่งจ่าย'),
	(2231,6,6,0,0,1,0,0,0,'Server Execute Transaction'),
	(2311,1,7,3,1,0,0,1,0,'หัวหน้างานคลังพัสดุกลางบางซื่อตรวจสอบและรับทราบลงนาม'),
	(2311,2,7,2,2,0,0,0,0,'วิศวกรกำกับการกองรับทราบลงนาม [From]'),
	(2311,3,7,2,1,1,0,0,0,'วิศวกรกำกับการกองตรวจสอบและรับทราบลงนาม [to]'),
	(2311,4,7,3,2,1,0,0,0,'สารวัตรหัวหน้าแขวงรับทราบลงนาม'),
	(2311,5,7,6,4,1,0,0,0,'เจ้าหน้าที่ตอนตรวจสอบและสั่งจ่าย'),
	(2311,6,7,5,1,1,0,1,0,'หัวหน้าตอนตรวจสอบและรับทราบลงนาม'),
	(2311,7,7,0,0,1,0,0,0,'Server Execute Transaction'),
	(2321,1,7,3,1,0,0,1,0,'หัวหน้างานระบบตรวจสอบและรับทราบลงนาม'),
	(2321,2,7,2,2,0,0,0,0,'วิศวกรกำกับการกองรับทราบลงนาม [From]'),
	(2321,3,7,2,2,1,0,0,1,'วิศวกรกำกับการกองรับทราบลงนาม [to]'),
	(2321,4,7,3,2,1,0,0,0,'สารวัตรหัวหน้าแขวงรับทราบลงนาม'),
	(2321,5,7,6,4,1,0,0,0,'เจ้าหน้าที่ตอนตรวจสอบและสั่งจ่าย'),
	(2321,6,7,5,1,1,0,0,0,'หัวหน้าตอนตรวจสอบและรับทราบลงนาม'),
	(2321,7,7,0,0,1,0,0,0,'Server Execute Transaction'),
	(2331,1,8,5,2,0,0,1,0,'หัวหน้าตอนรับทราบลงนาม'),
	(2331,2,8,3,1,0,0,0,0,'สารวัตรหัวหน้าแขวงตรวจสอบและรับทราบลงนาม'),
	(2331,3,8,2,2,0,0,0,1,'วิศวกรกำกับการกองรับทราบลงนาม [From]'),
	(2331,4,8,2,2,1,0,0,1,'วิศวกรกำกับการกองตรวจสอบและรับทราบลงนาม [to]'),
	(2331,5,8,3,1,1,0,0,1,'สารวัตรหัวหน้าแขวงตรวจสอบและรับทราบลงนาม'),
	(2331,6,8,6,4,1,0,0,0,'เจ้าหน้าที่ตอนตรวจสอบและสั่งจ่าย'),
	(2331,7,8,5,1,1,0,1,0,'หัวหน้าตอนตรวจสอบและรับทราบลงนาม'),
	(2331,8,8,0,0,1,0,0,0,'Server Execute Transaction'),
	(3011,1,2,0,0,0,0,0,0,'Server Execute Transaction'),
	(3011,2,2,5,5,0,3012,1,0,'หัวหน้าตอนตรวจสอบ รับทราบลงนาม และเลือกวิธีจัดซ่อม'),
	(3012,1,1,3,5,0,3013,0,0,'สารวัตรหัวหน้าแขวงตอนตรวจสอบ รับทราบลงนาม และเลือกวิธีจัดซ่อม'),
	(3013,1,1,2,5,0,3014,0,0,'วิศวกรกำกับการกองตรวจสอบ รับทราบลงนาม และเลือกวิธีจัดซ่อม'),
	(3014,1,1,2,5,0,0,0,0,'วิศวกรกำกับการกอง(ซ่อม)ตรวจสอบ รับทราบลงนาม และเลือกวิธีจัดซ่อม'),
	(4001,1,1,3,1,0,0,0,0,'สารวัตรหัวหน้าแขวงตรวจสอบและระบุตอนที่รับผิดชอบในการซ่อม'),
	(5001,1,2,5,3,0,0,1,0,'หัวหน้าตอน รับทราบ Work Order'),
	(5001,2,2,5,6,0,0,0,0,'หัวหน้าตอน ดำเนินการซ่อมเสร็จแล้ว'),
	(5101,1,3,5,1,0,0,1,0,'หัวหน้าตอนลงนามสรุปเอกสาร สส.101'),
	(5101,2,3,3,1,0,0,0,0,'สารวัตรหัวหน้าแขวงลงนามตรวจสอบและการดำเนินงาน'),
	(5101,3,3,2,2,0,0,0,0,'วิศวกรกำกับการกองลงนามรับทราบ การแก้ไข/ซ่อมแซม'),
	(5102,1,4,5,1,0,0,1,0,'หัวหน้าตอนลงนามสรุปเอกสาร สส.101'),
	(5102,2,4,4,1,0,0,0,0,'สารวัตรหัวหน้าแขวงลงนามตรวจสอบและการดำเนินงาน'),
	(5102,3,4,3,2,0,0,0,0,'วิศวกรกำกับการกองลงนามรับทราบ การแก้ไข/ซ่อมแซม'),
	(5102,4,4,3,2,0,0,0,0,'วิศวกรกำกับการกองโทรคมนาคม รับทราบลงนาม การแก้ไข/ซ่อมแซม'),
	(6001,1,1,3,1,0,0,0,0,'สารวัตรหัวหน้าแขวงลงนามตรวจสอบสำหรับแผนทำวาระ'),
	(6101,1,4,6,1,0,0,0,0,'เจ้าหน้าที่ตอนรับ Work Order ทำวาระ'),
	(6101,2,4,6,1,0,0,0,0,'เจ้าหน้าที่ตอนบันทึก การทำวาระ เสร็จแล้ว'),
	(6101,3,4,3,1,0,0,0,0,'สารวัตรหัวหน้าแขวงลงนามตรวจสอบและการดำเนินงาน'),
	(6101,4,4,2,2,0,0,0,0,'วิศวกรกำกับการกอง รับทราบลงนาม การแก้ไข/ซ่อมแซม'),
	(6102,1,4,6,1,0,0,0,0,'เจ้าหน้าที่ตอนรับ Work Order ทำวาระ'),
	(6102,2,4,6,1,0,0,0,0,'เจ้าหน้าที่ตอนบันทึก การทำวาระ เสร็จแล้ว'),
	(6102,3,4,3,1,0,0,0,0,'สารวัตรหัวหน้าแขวงลงนามตรวจสอบและการดำเนินงาน'),
	(6102,4,4,2,2,0,0,0,0,'วิศวกรกำกับการกอง รับทราบลงนาม การแก้ไข/ซ่อมแซม'),
	(7001,1,2,3,1,0,0,0,0,'สารวัตรหัวหน้าแขวงลงนามตรวจสอบ/รับทราบ'),
	(7001,2,2,2,2,0,0,0,0,'วิศวกรกำกับการกอง รับทราบลงนาม การติดตั้ง');

INSERT INTO approval_status (approval_status_id,name,description)
VALUES
	(0,'Uncomplete',NULL),
	(1,'Approved','Approved'),
	(2,'Rejected','Hard Reject, Document Closed'),
	(3,'FastTracked',NULL),
	(4,'Escalated',NULL),
	(5,'Reversal',NULL);
